method,path,current_guard,category,poc_disposition,reference
"GET","/api/health","public","users-legacy","planned","packages/backend/src/app.ts:456"
"POST","/api/userExistence","public","users-legacy","planned","packages/backend/src/app.ts:467"
"POST","/api/auth/validate-invite-code","public","auth","planned","packages/backend/src/app.ts:489"
"POST","/api/auth/register","public","auth","planned","packages/backend/src/app.ts:516"
"POST","/api/auth/authenticate","public","auth","planned","packages/backend/src/app.ts:657"
"POST","/api/auth/deauthenticate","public","auth","planned","packages/backend/src/app.ts:700"
"POST","/api/auth/refresh","public","auth","planned","packages/backend/src/app.ts:706"
"GET","/api/auth/verify","authenticated","auth","planned","packages/backend/src/app.ts:750"
"POST","/api/auth/send-verification-email","authenticated","auth","planned","packages/backend/src/app.ts:766"
"GET","/api/auth/verify-email","public","auth","planned","packages/backend/src/app.ts:817"
"POST","/api/auth/password-reset/request","public","auth","planned","packages/backend/src/app.ts:885"
"POST","/api/auth/password-reset/verify","public","auth","planned","packages/backend/src/app.ts:898"
"POST","/api/auth/invite-codes","authenticated","auth","planned","packages/backend/src/app.ts:936"
"GET","/api/auth/invite-codes/mine","authenticated","auth","planned","packages/backend/src/app.ts:1021"
"POST","/api/auth/redeem-invite","authenticated","auth","planned","packages/backend/src/app.ts:1032"
"POST","/api/auth/complete-onboarding","authenticated","auth","planned","packages/backend/src/app.ts:1099"
"PUT","/api/auth/update-profile","authenticated","auth","planned","packages/backend/src/app.ts:1170"
"DELETE","/api/auth/delete-account","authenticated","auth","planned","packages/backend/src/app.ts:1286"
"POST","/api/register","public","users-legacy","planned","packages/backend/src/app.ts:1298"
"POST","/api/authenticate","public","users-legacy","planned","packages/backend/src/app.ts:1311"
"POST","/api/deauthenticate","public","users-legacy","planned","packages/backend/src/app.ts:1323"
"GET","/api/centers","public","centers-events","planned","packages/backend/src/app.ts:1331"
"POST","/api/addCenter","authenticated","centers-events","planned","packages/backend/src/app.ts:1357"
"POST","/api/verifyCenter","authenticated","centers-events","planned","packages/backend/src/app.ts:1405"
"POST","/api/removeCenter","authenticated","centers-events","planned","packages/backend/src/app.ts:1427"
"POST","/api/fetchAllCenters","public","centers-events","planned","packages/backend/src/app.ts:1442"
"POST","/api/fetchCenter","public","centers-events","planned","packages/backend/src/app.ts:1450"
"GET","/api/fetchCenter","public","centers-events","planned","packages/backend/src/app.ts:1467"
"POST","/api/verifyUser","authenticated","users-legacy","planned","packages/backend/src/app.ts:1483"
"POST","/api/userUpdate","authenticated","users-legacy","planned","packages/backend/src/app.ts:1510"
"POST","/api/updateRegistration","authenticated","users-legacy","planned","packages/backend/src/app.ts:1559"
"POST","/api/removeUser","authenticated","users-legacy","planned","packages/backend/src/app.ts:1601"
"POST","/api/getUserEvents","authenticated","centers-events","planned","packages/backend/src/app.ts:1620"
"GET","/api/public-profiles/:userId","authenticated","users-legacy","planned","packages/backend/src/app.ts:1642"
"GET","/api/profile/:username/events","authenticated","users-legacy","planned","packages/backend/src/app.ts:1661"
"GET","/api/profile/:username/posts","authenticated","users-legacy","planned","packages/backend/src/app.ts:1673"
"GET","/api/profile/:username/groups","authenticated","users-legacy","planned","packages/backend/src/app.ts:1681"
"GET","/api/profile/:username/messages","authenticated","users-legacy","planned","packages/backend/src/app.ts:1695"
"GET","/api/boards/:type/:id","authenticated","boards","planned","packages/backend/src/app.ts:1704"
"POST","/api/boards/:type/:id/posts","authenticated","boards","planned","packages/backend/src/app.ts:1727"
"POST","/api/feed/public","authenticated","feed","planned","packages/backend/src/app.ts:1807"
"POST","/api/boards/posts/:postId/reactions","authenticated","boards","planned","packages/backend/src/app.ts:1853"
"PATCH","/api/boards/posts/:postId","authenticated","boards","planned","packages/backend/src/app.ts:1907"
"DELETE","/api/boards/posts/:postId","authenticated","boards","planned","packages/backend/src/app.ts:1969"
"POST","/api/boards/posts/:postId/pin","authenticated","boards","planned","packages/backend/src/app.ts:2014"
"POST","/api/boards/posts/:postId/unpin","authenticated","boards","planned","packages/backend/src/app.ts:2057"
"POST","/api/boards/posts/:postId/replies","authenticated","boards","planned","packages/backend/src/app.ts:2100"
"GET","/api/boards/posts/:postId/replies","authenticated","boards","planned","packages/backend/src/app.ts:2188"
"GET","/api/feed","authenticated","feed","planned","packages/backend/src/app.ts:2218"
"POST","/api/boards/posts/:postId/report","authenticated","boards","planned","packages/backend/src/app.ts:2248"
"POST","/api/addEvent","authenticated","centers-events","planned","packages/backend/src/app.ts:2284"
"POST","/api/removeEvent","authenticated","centers-events","planned","packages/backend/src/app.ts:2453"
"POST","/api/fetchEvent","public","centers-events","planned","packages/backend/src/app.ts:2497"
"GET","/api/fetchEvent","public","centers-events","planned","packages/backend/src/app.ts:2508"
"POST","/api/updateEvent","authenticated","centers-events","planned","packages/backend/src/app.ts:2518"
"POST","/api/getEventUsers","authenticated","centers-events","planned","packages/backend/src/app.ts:2652"
"GET","/api/events/registered","authenticated","centers-events","planned","packages/backend/src/app.ts:2683"
"GET","/api/events/:id/registration","authenticated","centers-events","planned","packages/backend/src/app.ts:2693"
"GET","/api/events/:id/roster","authenticated","centers-events","planned","packages/backend/src/app.ts:2711"
"POST","/api/attendEvent","authenticated","centers-events","planned","packages/backend/src/app.ts:2745"
"POST","/api/attendEventGuest","public","centers-events","planned","packages/backend/src/app.ts:2811"
"POST","/api/unattendEvent","authenticated","centers-events","planned","packages/backend/src/app.ts:2852"
"POST","/api/fetchEventsByCenter","public","centers-events","planned","packages/backend/src/app.ts:2877"
"GET","/api/fetchEventsByCenter","public","centers-events","planned","packages/backend/src/app.ts:2887"
"GET","/api/fetchAllEvents","public","centers-events","planned","packages/backend/src/app.ts:2897"
"POST","/api/profile/uploadImage","authenticated","users-legacy","planned","packages/backend/src/app.ts:2935"
"POST","/api/board/uploadImage","authenticated","users-legacy","planned","packages/backend/src/app.ts:2989"
"POST","/api/brewCoffee","public","users-legacy","planned","packages/backend/src/app.ts:3025"
"GET","/api/admin/stats","admin","admin","planned","packages/backend/src/app.ts:3059"
"GET","/api/admin/users","admin","admin","planned","packages/backend/src/app.ts:3068"
"GET","/api/admin/centers","admin","admin","planned","packages/backend/src/app.ts:3077"
"GET","/api/admin/events","admin","admin","planned","packages/backend/src/app.ts:3086"
"PUT","/api/admin/centers/:id","admin","admin","planned","packages/backend/src/app.ts:3097"
"POST","/api/admin/centers/:id/verify","admin","admin","planned","packages/backend/src/app.ts:3132"
"DELETE","/api/admin/centers/:id","admin","admin","planned","packages/backend/src/app.ts:3147"
"GET","/api/admin/centers/:id/members","admin","admin","planned","packages/backend/src/app.ts:3161"
"PUT","/api/admin/events/:id","admin","admin","planned","packages/backend/src/app.ts:3174"
"DELETE","/api/admin/events/:id","admin","admin","planned","packages/backend/src/app.ts:3262"
"POST","/api/admin/users/:id/verify","admin","admin","planned","packages/backend/src/app.ts:3278"
"DELETE","/api/admin/users/:id","admin","admin","planned","packages/backend/src/app.ts:3310"
"GET","/api/admin/invite-codes","admin","admin","planned","packages/backend/src/app.ts:3332"
"POST","/api/admin/invite-codes","admin","admin","planned","packages/backend/src/app.ts:3343"
"POST","/api/admin/invite-codes/:code/toggle","admin","admin","planned","packages/backend/src/app.ts:3373"
"GET","/api/admin/invite-codes/:code/users","admin","admin","planned","packages/backend/src/app.ts:3390"
"GET","/api/notifications","authenticated","notifications","planned","packages/backend/src/app.ts:3410"
"GET","/api/notifications/unread-count","authenticated","notifications","planned","packages/backend/src/app.ts:3432"
"PUT","/api/notifications/:id/read","authenticated","notifications","planned","packages/backend/src/app.ts:3442"
"PUT","/api/notifications/mark-all-read","authenticated","notifications","planned","packages/backend/src/app.ts:3459"
"PUT","/api/notifications/:id/archive","authenticated","notifications","planned","packages/backend/src/app.ts:3471"
"DELETE","/api/notifications/:id","authenticated","notifications","planned","packages/backend/src/app.ts:3488"
"GET","/api/notifications/preferences","authenticated","notifications","planned","packages/backend/src/app.ts:3505"
"PUT","/api/notifications/preferences","authenticated","notifications","planned","packages/backend/src/app.ts:3522"
"POST","/api/push/register","authenticated","push","planned","packages/backend/src/app.ts:3596"
"POST","/api/push/unregister","authenticated","push","planned","packages/backend/src/app.ts:3614"
"GET","/api/admin/notifications","admin","admin","planned","packages/backend/src/app.ts:3631"
"GET","/api/admin/notifications/stats","admin","admin","planned","packages/backend/src/app.ts:3685"
"POST","/api/admin/notifications/send","admin","admin","planned","packages/backend/src/app.ts:3708"
"DELETE","/api/admin/notifications/:id","admin","admin","planned","packages/backend/src/app.ts:3777"
"GET","/api/admin/moderation/queue","moderator","admin","planned","packages/backend/src/app.ts:3798"
"POST","/api/admin/moderation/posts/:postId/delete","moderator","admin","planned","packages/backend/src/app.ts:3827"
"POST","/api/admin/moderation/users/:userId/suspend","admin","admin","planned","packages/backend/src/app.ts:3867"
"POST","/api/admin/moderation/users/:userId/unsuspend","admin","admin","planned","packages/backend/src/app.ts:3920"
"GET","/api/admin/moderation/audit","moderator","admin","planned","packages/backend/src/app.ts:3944"
